index,team,round_id,points,goals_scored,goals_conceded,round_num,total_points,avg_points_last_5,avg_points_last_10,avg_goals_scored_last_5,avg_goals_scored_last_10,avg_goals_conceded_last_5,avg_goals_conceded_last_10,displayName,num_rounds_left,proj_points_avg_last_5,proj_points_avg_last_10,goal_diff_game,goal_diff,rank,rank_proj5,rank_proj10
36,Bellinzona,4693-172-160,3,1.0,0.0,1,3,3.0,3.0,1.0,1.0,0.0,0.0,1. Runde,35,108.0,108.0,1.0,1.0,2,2,2
324,FC Aarau,4693-172-160,1,1.0,1.0,1,1,1.0,1.0,1.0,1.0,1.0,1.0,1. Runde,35,36.0,36.0,0.0,0.0,5,5,5
144,FC Lausanne-Sport,4693-172-160,0,0.0,1.0,1,0,0.0,0.0,0.0,0.0,1.0,1.0,1. Runde,35,0.0,0.0,-1.0,-1.0,7,7,7
252,FC Schaffhausen,4693-172-160,3,1.0,0.0,1,3,3.0,3.0,1.0,1.0,0.0,0.0,1. Runde,35,108.0,108.0,1.0,1.0,3,3,3
180,FC Stade-Lausanne-Ouchy,4693-172-160,0,1.0,2.0,1,0,0.0,0.0,1.0,1.0,2.0,2.0,1. Runde,35,0.0,0.0,-1.0,-1.0,8,8,8
0,FC Thun,4693-172-160,0,0.0,1.0,1,0,0.0,0.0,0.0,0.0,1.0,1.0,1. Runde,35,0.0,0.0,-1.0,-1.0,9,9,9
216,FC Vaduz,4693-172-160,1,1.0,1.0,1,1,1.0,1.0,1.0,1.0,1.0,1.0,1. Runde,35,36.0,36.0,0.0,0.0,6,6,6
108,FC Wil 1900,4693-172-160,3,2.0,0.0,1,3,3.0,3.0,2.0,2.0,0.0,0.0,1. Runde,35,108.0,108.0,2.0,2.0,1,1,1
72,Neuchâtel Xamax FCS,4693-172-160,0,0.0,2.0,1,0,0.0,0.0,0.0,0.0,2.0,2.0,1. Runde,35,0.0,0.0,-2.0,-2.0,10,10,10
288,Yverdon Sport FC,4693-172-160,3,2.0,1.0,1,3,3.0,3.0,2.0,2.0,1.0,1.0,1. Runde,35,108.0,108.0,1.0,1.0,4,4,4
37,Bellinzona,4693-172-161,1,1.0,1.0,2,4,2.0,2.0,1.0,1.0,0.5,0.5,2. Runde,34,72.0,72.0,0.0,1.0,1,1,1
325,FC Aarau,4693-172-161,3,2.0,1.0,2,4,2.0,2.0,1.5,1.5,1.0,1.0,2. Runde,34,72.0,72.0,1.0,1.0,2,2,2
145,FC Lausanne-Sport,4693-172-161,3,5.0,1.0,2,3,1.5,1.5,2.5,2.5,1.0,1.0,2. Runde,34,54.0,54.0,4.0,3.0,4,4,4
253,FC Schaffhausen,4693-172-161,0,1.0,5.0,2,3,1.5,1.5,1.0,1.0,2.5,2.5,2. Runde,34,54.0,54.0,-4.0,-3.0,7,7,7
181,FC Stade-Lausanne-Ouchy,4693-172-161,3,2.0,1.0,2,3,1.5,1.5,1.5,1.5,1.5,1.5,2. Runde,34,54.0,54.0,1.0,0.0,6,6,6
1,FC Thun,4693-172-161,1,1.0,1.0,2,1,0.5,0.5,0.5,0.5,1.0,1.0,2. Runde,34,18.0,18.0,0.0,-1.0,9,9,9
217,FC Vaduz,4693-172-161,1,3.0,3.0,2,2,1.0,1.0,2.0,2.0,2.0,2.0,2. Runde,34,36.0,36.0,0.0,0.0,8,8,8
109,FC Wil 1900,4693-172-161,0,1.0,2.0,2,3,1.5,1.5,1.5,1.5,1.0,1.0,2. Runde,34,54.0,54.0,-1.0,1.0,5,5,5
73,Neuchâtel Xamax FCS,4693-172-161,0,1.0,2.0,2,0,0.0,0.0,0.5,0.5,2.0,2.0,2. Runde,34,0.0,0.0,-1.0,-3.0,10,10,10
289,Yverdon Sport FC,4693-172-161,1,3.0,3.0,2,4,2.0,2.0,2.5,2.5,2.0,2.0,2. Runde,34,72.0,72.0,0.0,1.0,3,3,3
38,Bellinzona,4693-172-162,0,1.0,4.0,3,4,1.3333333333333333,1.3333333333333333,1.0,1.0,1.6666666666666667,1.6666666666666667,3. Runde,33,48.0,48.0,-3.0,-2.0,7,7,7
326,FC Aarau,4693-172-162,0,1.0,2.0,3,4,1.3333333333333333,1.3333333333333333,1.3333333333333333,1.3333333333333333,1.3333333333333333,1.3333333333333333,3. Runde,33,48.0,48.0,-1.0,0.0,6,6,6
146,FC Lausanne-Sport,4693-172-162,3,2.0,1.0,3,6,2.0,2.0,2.3333333333333335,2.3333333333333335,1.0,1.0,3. Runde,33,72.0,72.0,1.0,4.0,2,2,2
254,FC Schaffhausen,4693-172-162,3,2.0,0.0,3,6,2.0,2.0,1.3333333333333333,1.3333333333333333,1.6666666666666667,1.6666666666666667,3. Runde,33,72.0,72.0,2.0,-1.0,5,5,5
182,FC Stade-Lausanne-Ouchy,4693-172-162,3,4.0,1.0,3,6,2.0,2.0,2.3333333333333335,2.3333333333333335,1.3333333333333333,1.3333333333333333,3. Runde,33,72.0,72.0,3.0,3.0,3,3,3
2,FC Thun,4693-172-162,0,1.0,3.0,3,1,0.3333333333333333,0.3333333333333333,0.6666666666666666,0.6666666666666666,1.6666666666666667,1.6666666666666667,3. Runde,33,12.0,12.0,-2.0,-3.0,9,9,9
218,FC Vaduz,4693-172-162,0,0.0,2.0,3,2,0.6666666666666666,0.6666666666666666,1.3333333333333333,1.3333333333333333,2.0,2.0,3. Runde,33,24.0,24.0,-2.0,-2.0,8,8,8
110,FC Wil 1900,4693-172-162,3,2.0,0.0,3,6,2.0,2.0,1.6666666666666667,1.6666666666666667,0.6666666666666666,0.6666666666666666,3. Runde,33,72.0,72.0,2.0,3.0,4,4,4
74,Neuchâtel Xamax FCS,4693-172-162,0,0.0,2.0,3,0,0.0,0.0,0.3333333333333333,0.3333333333333333,2.0,2.0,3. Runde,33,0.0,0.0,-2.0,-5.0,10,10,10
290,Yverdon Sport FC,4693-172-162,3,3.0,1.0,3,7,2.3333333333333335,2.3333333333333335,2.6666666666666665,2.6666666666666665,1.6666666666666667,1.6666666666666667,3. Runde,33,84.0,84.0,2.0,3.0,1,1,1
39,Bellinzona,4693-172-163,3,3.0,2.0,4,7,1.75,1.75,1.5,1.5,1.75,1.75,4. Runde,32,63.0,63.0,1.0,-1.0,5,5,5
327,FC Aarau,4693-172-163,1,2.0,2.0,4,5,1.25,1.25,1.5,1.5,1.5,1.5,4. Runde,32,45.0,45.0,0.0,0.0,7,7,7
147,FC Lausanne-Sport,4693-172-163,1,0.0,0.0,4,7,1.75,1.75,1.75,1.75,0.75,0.75,4. Runde,32,63.0,63.0,0.0,4.0,3,3,3
255,FC Schaffhausen,4693-172-163,0,0.0,1.0,4,6,1.5,1.5,1.0,1.0,1.5,1.5,4. Runde,32,54.0,54.0,-1.0,-2.0,6,6,6
183,FC Stade-Lausanne-Ouchy,4693-172-163,1,0.0,0.0,4,7,1.75,1.75,1.75,1.75,1.0,1.0,4. Runde,32,63.0,63.0,0.0,3.0,4,4,4
3,FC Thun,4693-172-163,1,2.0,2.0,4,2,0.5,0.5,1.0,1.0,1.75,1.75,4. Runde,32,18.0,18.0,0.0,-3.0,8,8,8
219,FC Vaduz,4693-172-163,0,2.0,3.0,4,2,0.5,0.5,1.5,1.5,2.25,2.25,4. Runde,32,18.0,18.0,-1.0,-3.0,9,9,9
111,FC Wil 1900,4693-172-163,3,1.0,0.0,4,9,2.25,2.25,1.5,1.5,0.5,0.5,4. Runde,32,81.0,81.0,1.0,4.0,2,2,2
75,Neuchâtel Xamax FCS,4693-172-163,0,2.0,3.0,4,0,0.0,0.0,0.75,0.75,2.25,2.25,4. Runde,32,0.0,0.0,-1.0,-6.0,10,10,10
291,Yverdon Sport FC,4693-172-163,3,3.0,2.0,4,10,2.5,2.5,2.75,2.75,1.75,1.75,4. Runde,32,90.0,90.0,1.0,4.0,1,1,1
40,Bellinzona,4693-172-164,0,0.0,4.0,5,7,1.4,1.4,1.2,1.2,2.2,2.2,5. Runde,31,50.4,50.4,-4.0,-5.0,7,7,7
328,FC Aarau,4693-172-164,3,4.0,0.0,5,8,1.6,1.6,2.0,2.0,1.2,1.2,5. Runde,31,57.6,57.6,4.0,4.0,5,5,5
148,FC Lausanne-Sport,4693-172-164,3,1.0,0.0,5,10,2.0,2.0,1.6,1.6,0.6,0.6,5. Runde,31,72.0,72.0,1.0,5.0,2,2,2
256,FC Schaffhausen,4693-172-164,3,2.0,0.0,5,9,1.8,1.8,1.2,1.2,1.2,1.2,5. Runde,31,64.80000000000001,64.80000000000001,2.0,0.0,4,4,4
184,FC Stade-Lausanne-Ouchy,4693-172-164,0,0.0,2.0,5,7,1.4,1.4,1.4,1.4,1.2,1.2,5. Runde,31,50.4,50.4,-2.0,1.0,6,6,6
4,FC Thun,4693-172-164,3,4.0,2.0,5,5,1.0,1.0,1.6,1.6,1.8,1.8,5. Runde,31,36.0,36.0,2.0,-1.0,8,8,8
220,FC Vaduz,4693-172-164,0,2.0,4.0,5,2,0.4,0.4,1.6,1.6,2.6,2.6,5. Runde,31,14.4,14.4,-2.0,-5.0,9,9,9
112,FC Wil 1900,4693-172-164,3,3.0,1.0,5,12,2.4,2.4,1.8,1.8,0.6,0.6,5. Runde,31,86.39999999999999,86.39999999999999,2.0,6.0,1,1,1
76,Neuchâtel Xamax FCS,4693-172-164,0,0.0,1.0,5,0,0.0,0.0,0.6,0.6,2.0,2.0,5. Runde,31,0.0,0.0,-1.0,-7.0,10,10,10
292,Yverdon Sport FC,4693-172-164,0,1.0,3.0,5,10,2.0,2.0,2.4,2.4,2.0,2.0,5. Runde,31,72.0,72.0,-2.0,2.0,3,3,3
41,Bellinzona,4693-172-165,3,3.0,1.0,6,10,1.4,1.6666666666666667,1.6,1.5,2.4,2.0,6. Runde,30,52.0,60.0,2.0,-3.0,4,6,4
329,FC Aarau,4693-172-165,1,3.0,3.0,6,9,1.6,1.5,2.4,2.1666666666666665,1.6,1.5,6. Runde,30,57.0,54.0,0.0,4.0,5,4,5
149,FC Lausanne-Sport,4693-172-165,3,3.0,1.0,6,13,2.6,2.1666666666666665,2.2,1.8333333333333333,0.6,0.6666666666666666,6. Runde,30,91.0,78.0,2.0,7.0,1,1,1
257,FC Schaffhausen,4693-172-165,0,1.0,2.0,6,9,1.2,1.5,1.2,1.1666666666666667,1.6,1.3333333333333333,6. Runde,30,45.0,54.0,-1.0,-1.0,6,7,6
185,FC Stade-Lausanne-Ouchy,4693-172-165,1,3.0,3.0,6,8,1.6,1.3333333333333333,1.8,1.6666666666666667,1.4,1.5,6. Runde,30,56.0,48.0,0.0,1.0,7,5,7
5,FC Thun,4693-172-165,1,1.0,1.0,6,6,1.2,1.0,1.8,1.5,1.8,1.6666666666666667,6. Runde,30,42.0,36.0,0.0,-1.0,8,8,8
221,FC Vaduz,4693-172-165,0,1.0,3.0,6,2,0.2,0.3333333333333333,1.6,1.5,3.0,2.6666666666666665,6. Runde,30,8.0,12.0,-2.0,-7.0,9,9,9
113,FC Wil 1900,4693-172-165,1,1.0,1.0,6,13,2.0,2.1666666666666665,1.6,1.6666666666666667,0.8,0.6666666666666666,6. Runde,30,73.0,78.0,0.0,6.0,2,2,2
77,Neuchâtel Xamax FCS,4693-172-165,0,1.0,3.0,6,0,0.0,0.0,0.8,0.6666666666666666,2.2,2.1666666666666665,6. Runde,30,0.0,0.0,-2.0,-9.0,10,10,10
293,Yverdon Sport FC,4693-172-165,3,2.0,1.0,6,13,2.0,2.1666666666666665,2.4,2.3333333333333335,2.0,1.8333333333333333,6. Runde,30,73.0,78.0,1.0,3.0,3,3,3
42,Bellinzona,4693-172-166,3,1.0,0.0,7,13,1.8,1.8571428571428572,1.6,1.4285714285714286,2.2,1.7142857142857142,7. Runde,29,65.2,66.85714285714286,1.0,-2.0,4,4,4
330,FC Aarau,4693-172-166,3,2.0,1.0,7,12,1.6,1.7142857142857142,2.4,2.142857142857143,1.6,1.4285714285714286,7. Runde,29,58.400000000000006,61.71428571428571,1.0,5.0,5,5,5
150,FC Lausanne-Sport,4693-172-166,0,0.0,2.0,7,13,2.0,1.8571428571428572,1.2,1.5714285714285714,0.8,0.8571428571428571,7. Runde,29,71.0,66.85714285714286,-2.0,5.0,1,1,1
258,FC Schaffhausen,4693-172-166,1,1.0,1.0,7,10,1.4,1.4285714285714286,1.2,1.1428571428571428,0.8,1.2857142857142858,7. Runde,29,50.599999999999994,51.42857142857143,0.0,-1.0,7,8,7
186,FC Stade-Lausanne-Ouchy,4693-172-166,3,2.0,1.0,7,11,1.6,1.5714285714285714,1.8,1.7142857142857142,1.4,1.4285714285714286,7. Runde,29,57.400000000000006,56.57142857142857,1.0,2.0,6,6,6
6,FC Thun,4693-172-166,3,2.0,0.0,7,9,1.6,1.2857142857142858,2.0,1.5714285714285714,1.6,1.4285714285714286,7. Runde,29,55.400000000000006,46.28571428571429,2.0,1.0,8,7,8
222,FC Vaduz,4693-172-166,1,1.0,1.0,7,3,0.2,0.42857142857142855,1.2,1.4285714285714286,2.6,2.4285714285714284,7. Runde,29,8.8,15.428571428571427,0.0,-7.0,9,9,9
114,FC Wil 1900,4693-172-166,0,1.0,2.0,7,13,2.0,1.8571428571428572,1.6,1.5714285714285714,0.8,0.8571428571428571,7. Runde,29,71.0,66.85714285714286,-1.0,5.0,2,2,2
78,Neuchâtel Xamax FCS,4693-172-166,0,1.0,2.0,7,0,0.0,0.0,0.8,0.7142857142857143,2.2,2.142857142857143,7. Runde,29,0.0,0.0,-1.0,-10.0,10,10,10
294,Yverdon Sport FC,4693-172-166,0,0.0,1.0,7,13,1.8,1.8571428571428572,1.8,2.0,1.6,1.7142857142857142,7. Runde,29,65.2,66.85714285714286,-1.0,2.0,3,3,3
43,Bellinzona,4693-172-167,0,1.0,5.0,8,13,1.8,1.625,1.6,1.375,2.4,2.125,8. Runde,28,63.4,58.5,-4.0,-6.0,5,4,5
331,FC Aarau,4693-172-167,3,2.0,0.0,8,15,2.2,1.875,2.6,2.125,1.2,1.25,8. Runde,28,76.60000000000001,67.5,2.0,7.0,3,1,3
151,FC Lausanne-Sport,4693-172-167,3,3.0,2.0,8,16,2.0,2.0,1.4,1.75,1.0,1.0,8. Runde,28,72.0,72.0,1.0,6.0,2,3,2
259,FC Schaffhausen,4693-172-167,0,0.0,2.0,8,10,0.8,1.25,0.8,1.0,1.2,1.375,8. Runde,28,32.400000000000006,45.0,-2.0,-3.0,8,8,8
187,FC Stade-Lausanne-Ouchy,4693-172-167,1,2.0,2.0,8,12,1.2,1.5,1.4,1.75,1.6,1.5,8. Runde,28,45.6,54.0,0.0,2.0,6,7,6
7,FC Thun,4693-172-167,1,2.0,2.0,8,10,1.8,1.25,2.2,1.625,1.4,1.5,8. Runde,28,60.4,45.0,0.0,1.0,7,5,7
223,FC Vaduz,4693-172-167,1,1.0,1.0,8,4,0.4,0.5,1.4,1.375,2.4,2.25,8. Runde,28,15.200000000000001,18.0,0.0,-7.0,9,9,9
115,FC Wil 1900,4693-172-167,3,5.0,1.0,8,16,2.0,2.0,2.2,2.0,1.0,0.875,8. Runde,28,72.0,72.0,4.0,9.0,1,2,1
79,Neuchâtel Xamax FCS,4693-172-167,1,1.0,1.0,8,1,0.2,0.125,1.0,0.75,2.0,2.0,8. Runde,28,6.6000000000000005,4.5,0.0,-10.0,10,10,10
295,Yverdon Sport FC,4693-172-167,0,2.0,3.0,8,13,1.2,1.625,1.6,2.0,2.0,1.875,8. Runde,28,46.6,58.5,-1.0,1.0,4,6,4
44,Bellinzona,4693-172-168,0,1.0,3.0,9,13,1.2,1.4444444444444444,1.2,1.3333333333333333,2.6,2.2222222222222223,9. Runde,27,45.4,52.0,-2.0,-8.0,8,7,8
332,FC Aarau,4693-172-168,1,2.0,2.0,9,16,2.2,1.7777777777777777,2.6,2.111111111111111,1.2,1.3333333333333333,9. Runde,27,75.4,64.0,0.0,7.0,2,2,2
152,FC Lausanne-Sport,4693-172-168,3,4.0,0.0,9,19,2.4,2.111111111111111,2.2,2.0,1.0,0.8888888888888888,9. Runde,27,83.8,76.0,4.0,10.0,1,1,1
260,FC Schaffhausen,4693-172-168,3,3.0,1.0,9,13,1.4,1.4444444444444444,1.4,1.2222222222222223,1.2,1.3333333333333333,9. Runde,27,50.8,52.0,2.0,-1.0,7,6,7
188,FC Stade-Lausanne-Ouchy,4693-172-168,3,2.0,0.0,9,15,1.6,1.6666666666666667,1.8,1.7777777777777777,1.6,1.3333333333333333,9. Runde,27,58.2,60.0,2.0,4.0,4,4,4
8,FC Thun,4693-172-168,3,2.0,1.0,9,13,2.2,1.4444444444444444,2.2,1.6666666666666667,1.2,1.4444444444444444,9. Runde,27,72.4,52.0,1.0,2.0,6,3,6
224,FC Vaduz,4693-172-168,0,0.0,2.0,9,4,0.4,0.4444444444444444,1.0,1.2222222222222223,2.2,2.2222222222222223,9. Runde,27,14.8,16.0,-2.0,-9.0,9,9,9
116,FC Wil 1900,4693-172-168,0,0.0,4.0,9,16,1.4,1.7777777777777777,2.0,1.7777777777777777,1.8,1.2222222222222223,9. Runde,27,53.8,64.0,-4.0,5.0,3,5,3
80,Neuchâtel Xamax FCS,4693-172-168,0,1.0,2.0,9,1,0.2,0.1111111111111111,0.8,0.7777777777777778,1.8,2.0,9. Runde,27,6.4,4.0,-1.0,-11.0,10,10,10
296,Yverdon Sport FC,4693-172-168,1,2.0,2.0,9,14,0.8,1.5555555555555556,1.4,2.0,2.0,1.8888888888888888,9. Runde,27,35.6,56.0,0.0,1.0,5,8,5
45,Bellinzona,4693-172-169,0,0.0,4.0,10,13,1.2,1.3,1.2,1.2,2.6,2.4,10. Runde,26,44.2,46.800000000000004,-4.0,-12.0,8,6,8
333,FC Aarau,4693-172-169,1,2.0,2.0,10,17,1.8,1.7,2.2,2.1,1.6,1.4,10. Runde,26,63.800000000000004,61.199999999999996,0.0,7.0,4,3,4
153,FC Lausanne-Sport,4693-172-169,0,1.0,2.0,10,19,1.8,1.9,2.2,1.9,1.4,1.0,10. Runde,26,65.80000000000001,68.4,-1.0,9.0,1,2,1
261,FC Schaffhausen,4693-172-169,1,2.0,2.0,10,14,1.0,1.4,1.4,1.3,1.6,1.4,10. Runde,26,40.0,50.4,0.0,-1.0,6,7,6
189,FC Stade-Lausanne-Ouchy,4693-172-169,3,2.0,1.0,10,18,2.2,1.8,2.2,1.8,1.4,1.3,10. Runde,26,75.2,64.80000000000001,1.0,5.0,3,1,3
9,FC Thun,4693-172-169,1,2.0,2.0,10,14,1.8,1.4,1.8,1.7,1.2,1.5,10. Runde,26,60.800000000000004,50.4,0.0,2.0,5,4,5
225,FC Vaduz,4693-172-169,1,2.0,2.0,10,5,0.6,0.5,1.0,1.3,1.8,2.2,10. Runde,26,20.6,18.0,0.0,-9.0,9,10,9
117,FC Wil 1900,4693-172-169,3,4.0,0.0,10,19,1.4,1.9,2.2,2.0,1.6,1.1,10. Runde,26,55.4,68.4,4.0,9.0,2,5,2
81,Neuchâtel Xamax FCS,4693-172-169,3,4.0,0.0,10,4,0.8,0.4,1.6,1.1,1.6,1.8,10. Runde,26,24.8,14.4,4.0,-7.0,10,9,10
297,Yverdon Sport FC,4693-172-169,0,0.0,4.0,10,14,0.8,1.4,1.2,1.8,2.2,2.1,10. Runde,26,34.8,50.4,-4.0,-3.0,7,8,7
46,Bellinzona,4693-172-170,3,5.0,1.0,11,16,1.2,1.3,1.6,1.6,2.6,2.5,11. Runde,25,46.0,48.5,4.0,-8.0,6,6,7
334,FC Aarau,4693-172-170,0,0.0,4.0,11,17,1.6,1.6,1.6,2.0,1.8,1.7,11. Runde,25,57.0,57.0,-4.0,3.0,4,3,4
154,FC Lausanne-Sport,4693-172-170,3,2.0,1.0,11,22,1.8,2.2,2.0,2.1,1.4,1.0,11. Runde,25,67.0,77.0,1.0,10.0,1,2,1
262,FC Schaffhausen,4693-172-170,0,0.0,3.0,11,14,1.0,1.1,1.2,1.2,1.8,1.7,11. Runde,25,39.0,41.5,-3.0,-4.0,8,7,8
190,FC Stade-Lausanne-Ouchy,4693-172-170,3,2.0,0.0,11,21,2.6,2.1,2.0,1.9,0.8,1.1,11. Runde,25,86.0,73.5,2.0,7.0,2,1,2
10,FC Thun,4693-172-170,0,0.0,2.0,11,14,1.6,1.4,1.6,1.7,1.4,1.6,11. Runde,25,54.0,49.0,-2.0,0.0,7,4,6
226,FC Vaduz,4693-172-170,3,4.0,0.0,11,8,1.2,0.7,1.6,1.6,1.2,2.1,11. Runde,25,38.0,25.5,4.0,-5.0,9,8,9
118,FC Wil 1900,4693-172-170,0,1.0,5.0,11,19,1.2,1.6,2.2,1.9,2.4,1.6,11. Runde,25,49.0,59.0,-4.0,5.0,3,5,3
82,Neuchâtel Xamax FCS,4693-172-170,0,1.0,2.0,11,4,0.8,0.4,1.6,1.2,1.4,1.8,11. Runde,25,24.0,14.0,-1.0,-8.0,10,10,10
298,Yverdon Sport FC,4693-172-170,3,3.0,0.0,11,17,0.8,1.4,1.4,1.9,2.0,2.0,11. Runde,25,37.0,52.0,3.0,0.0,5,9,5
47,Bellinzona,4693-172-171,3,1.0,0.0,12,19,1.2,1.5,1.6,1.6,2.6,2.4,12. Runde,24,47.8,55.0,1.0,-7.0,5,6,5
335,FC Aarau,4693-172-171,0,0.0,1.0,12,17,1.0,1.3,1.2,1.8,1.8,1.7,12. Runde,24,41.0,48.2,-1.0,2.0,6,7,6
155,FC Lausanne-Sport,4693-172-171,0,0.0,1.0,12,22,1.8,1.9,2.0,1.6,1.2,1.0,12. Runde,24,65.2,67.6,-1.0,9.0,1,2,1
263,FC Schaffhausen,4693-172-171,1,1.0,1.0,12,15,1.0,1.2,1.2,1.2,1.8,1.3,12. Runde,24,39.0,43.8,0.0,-4.0,7,8,8
191,FC Stade-Lausanne-Ouchy,4693-172-171,0,1.0,5.0,12,21,2.0,1.8,1.8,1.8,1.6,1.5,12. Runde,24,69.0,64.2,-4.0,3.0,3,1,3
11,FC Thun,4693-172-171,0,1.0,3.0,12,14,1.0,1.3,1.4,1.7,2.0,1.8,12. Runde,24,38.0,45.2,-2.0,-2.0,8,9,7
227,FC Vaduz,4693-172-171,3,5.0,1.0,12,11,1.6,0.9,2.4,1.8,1.2,1.9,12. Runde,24,49.400000000000006,32.6,4.0,-1.0,9,5,9
119,FC Wil 1900,4693-172-171,3,1.0,0.0,12,22,1.8,1.9,2.2,1.9,2.0,1.4,12. Runde,24,65.2,67.6,1.0,6.0,2,3,2
83,Neuchâtel Xamax FCS,4693-172-171,1,1.0,1.0,12,5,1.0,0.5,1.6,1.2,1.2,1.7,12. Runde,24,29.0,17.0,0.0,-8.0,10,10,10
299,Yverdon Sport FC,4693-172-171,3,3.0,1.0,12,20,1.4,1.6,2.0,1.9,2.0,1.8,12. Runde,24,53.599999999999994,58.400000000000006,2.0,2.0,4,4,4
48,Bellinzona,4693-172-172,0,1.0,2.0,13,19,1.2,1.5,1.6,1.6,2.0,2.2,13. Runde,23,46.599999999999994,53.5,-1.0,-8.0,5,6,5
336,FC Aarau,4693-172-172,1,3.0,3.0,13,18,0.6,1.4,1.4,2.0,2.4,1.8,13. Runde,23,31.799999999999997,50.199999999999996,0.0,2.0,6,9,6
156,FC Lausanne-Sport,4693-172-172,3,2.0,1.0,13,25,1.8,1.9,1.8,1.6,1.0,1.0,13. Runde,23,66.4,68.69999999999999,1.0,10.0,1,3,1
264,FC Schaffhausen,4693-172-172,0,0.0,2.0,13,15,1.0,0.9,1.2,1.0,1.8,1.5,13. Runde,23,38.0,35.7,-2.0,-6.0,7,7,8
192,FC Stade-Lausanne-Ouchy,4693-172-172,3,2.0,0.0,13,24,2.4,1.8,1.8,1.6,1.2,1.4,13. Runde,23,79.19999999999999,65.4,2.0,5.0,2,1,2
12,FC Thun,4693-172-172,0,1.0,2.0,13,14,0.8,1.3,1.2,1.7,2.0,1.7,13. Runde,23,32.400000000000006,43.900000000000006,-1.0,-3.0,8,8,7
228,FC Vaduz,4693-172-172,1,0.0,0.0,13,12,1.6,1.0,2.2,1.8,1.0,1.7,13. Runde,23,48.800000000000004,35.0,0.0,-1.0,9,5,9
120,FC Wil 1900,4693-172-172,1,0.0,0.0,13,23,1.4,1.7,1.2,1.7,1.8,1.4,13. Runde,23,55.199999999999996,62.1,0.0,6.0,3,4,3
84,Neuchâtel Xamax FCS,4693-172-172,1,3.0,3.0,13,6,1.0,0.6,2.0,1.5,1.6,1.8,13. Runde,23,29.0,19.799999999999997,0.0,-8.0,10,10,10
300,Yverdon Sport FC,4693-172-172,3,2.0,1.0,13,23,2.0,1.6,2.0,1.8,1.6,1.8,13. Runde,23,69.0,59.800000000000004,1.0,3.0,4,2,4
49,Bellinzona,4693-172-173,3,2.0,0.0,14,22,1.8,1.5,1.8,1.5,1.4,2.0,14. Runde,22,61.6,55.0,2.0,-6.0,5,4,5
337,FC Aarau,4693-172-173,0,1.0,2.0,14,18,0.4,1.3,1.2,1.9,2.4,1.8,14. Runde,22,26.8,46.6,-1.0,1.0,6,8,6
157,FC Lausanne-Sport,4693-172-173,0,0.0,4.0,14,25,1.2,1.8,1.0,1.6,1.8,1.4,14. Runde,22,51.4,64.6,-4.0,6.0,4,5,2
265,FC Schaffhausen,4693-172-173,0,3.0,4.0,14,15,0.4,0.9,1.2,1.3,2.4,1.8,14. Runde,22,23.8,34.8,-1.0,-7.0,8,10,8
193,FC Stade-Lausanne-Ouchy,4693-172-173,3,2.0,1.0,14,27,2.4,2.0,1.8,1.8,1.4,1.5,14. Runde,22,79.8,71.0,1.0,6.0,1,1,1
13,FC Thun,4693-172-173,1,2.0,2.0,14,15,0.4,1.3,1.2,1.7,2.2,1.7,14. Runde,22,23.8,43.6,0.0,-3.0,7,9,7
229,FC Vaduz,4693-172-173,0,0.0,2.0,14,12,1.6,1.0,2.2,1.6,1.0,1.6,14. Runde,22,47.2,34.0,-2.0,-3.0,9,6,9
121,FC Wil 1900,4693-172-173,3,4.0,3.0,14,26,2.0,1.7,2.0,2.0,1.6,1.7,14. Runde,22,70.0,63.4,1.0,7.0,2,3,3
85,Neuchâtel Xamax FCS,4693-172-173,1,2.0,2.0,14,7,1.2,0.7,2.2,1.5,1.6,1.7,14. Runde,22,33.4,22.4,0.0,-8.0,10,7,10
301,Yverdon Sport FC,4693-172-173,3,4.0,0.0,14,26,2.4,1.6,2.4,1.9,1.2,1.6,14. Runde,22,78.8,61.2,4.0,7.0,3,2,4
50,Bellinzona,4693-172-174,0,1.0,2.0,15,22,1.8,1.5,2.0,1.6,1.0,1.8,15. Runde,21,59.800000000000004,53.5,-1.0,-7.0,5,4,5
338,FC Aarau,4693-172-174,3,3.0,2.0,15,21,0.8,1.3,1.4,1.8,2.4,2.0,15. Runde,21,37.8,48.3,1.0,2.0,6,7,6
158,FC Lausanne-Sport,4693-172-174,1,0.0,0.0,15,26,1.4,1.6,0.8,1.5,1.4,1.4,15. Runde,21,55.4,59.6,0.0,6.0,3,5,3
266,FC Schaffhausen,4693-172-174,1,0.0,0.0,15,16,0.4,0.7,0.8,1.1,2.0,1.8,15. Runde,21,24.4,30.7,0.0,-7.0,7,9,9
194,FC Stade-Lausanne-Ouchy,4693-172-174,3,2.0,1.0,15,30,2.4,2.3,1.8,2.0,1.4,1.4,15. Runde,21,80.4,78.3,1.0,7.0,1,1,1
14,FC Thun,4693-172-174,0,1.0,3.0,15,15,0.2,1.0,1.0,1.4,2.4,1.8,15. Runde,21,19.2,36.0,-2.0,-5.0,8,10,8
230,FC Vaduz,4693-172-174,1,1.0,1.0,15,13,1.6,1.1,2.0,1.5,0.8,1.3,15. Runde,21,46.6,36.1,0.0,-3.0,9,6,7
122,FC Wil 1900,4693-172-174,3,3.0,1.0,15,29,2.0,1.7,1.8,2.0,1.8,1.7,15. Runde,21,71.0,64.69999999999999,2.0,9.0,2,3,2
86,Neuchâtel Xamax FCS,4693-172-174,1,1.0,1.0,15,8,0.8,0.8,1.6,1.6,1.8,1.7,15. Runde,21,24.8,24.8,0.0,-8.0,10,8,10
302,Yverdon Sport FC,4693-172-174,0,2.0,3.0,15,26,2.4,1.6,2.8,2.0,1.0,1.6,15. Runde,21,76.4,59.6,-1.0,6.0,4,2,4
51,Bellinzona,4693-172-175,1,1.0,1.0,16,23,1.4,1.3,1.2,1.4,1.0,1.8,16. Runde,20,51.0,49.0,0.0,-7.0,5,4,5
339,FC Aarau,4693-172-175,0,1.0,6.0,16,21,0.8,1.2,1.6,1.6,2.8,2.3,16. Runde,20,37.0,45.0,-5.0,-3.0,6,7,6
159,FC Lausanne-Sport,4693-172-175,1,1.0,1.0,16,27,1.0,1.4,0.6,1.3,1.4,1.4,16. Runde,20,47.0,55.0,0.0,6.0,4,5,4
267,FC Schaffhausen,4693-172-175,0,1.0,2.0,16,16,0.4,0.7,1.0,1.1,1.8,1.8,16. Runde,20,24.0,30.0,-1.0,-8.0,8,10,10
195,FC Stade-Lausanne-Ouchy,4693-172-175,0,1.0,2.0,16,30,1.8,2.2,1.6,1.8,1.8,1.3,16. Runde,20,66.0,74.0,-1.0,6.0,2,3,1
15,FC Thun,4693-172-175,3,2.0,1.0,16,18,0.8,1.2,1.4,1.5,2.2,1.8,16. Runde,20,34.0,42.0,1.0,-4.0,7,8,7
231,FC Vaduz,4693-172-175,0,1.0,3.0,16,13,1.0,1.1,1.4,1.5,1.4,1.3,16. Runde,20,33.0,35.0,-2.0,-5.0,9,9,8
123,FC Wil 1900,4693-172-175,3,6.0,1.0,16,32,2.6,1.9,2.8,2.5,1.0,1.7,16. Runde,20,84.0,70.0,5.0,14.0,1,1,2
87,Neuchâtel Xamax FCS,4693-172-175,3,2.0,1.0,16,11,1.4,1.1,1.8,1.7,1.6,1.5,16. Runde,20,39.0,33.0,1.0,-7.0,10,6,9
303,Yverdon Sport FC,4693-172-175,3,3.0,1.0,16,29,2.4,1.6,2.8,2.1,1.2,1.6,16. Runde,20,77.0,61.0,2.0,8.0,3,2,3
52,Bellinzona,4693-172-176,0,1.0,3.0,17,23,0.8,1.0,1.2,1.4,1.6,2.1,17. Runde,19,38.2,42.0,-2.0,-9.0,6,8,7
340,FC Aarau,4693-172-176,3,1.0,0.0,17,24,1.4,1.2,1.8,1.5,2.6,2.2,17. Runde,19,50.599999999999994,46.8,1.0,-2.0,5,4,5
160,FC Lausanne-Sport,4693-172-176,0,0.0,1.0,17,27,1.0,1.4,0.6,1.3,1.4,1.3,17. Runde,19,46.0,53.599999999999994,-1.0,5.0,4,6,4
268,FC Schaffhausen,4693-172-176,0,0.0,1.0,17,16,0.2,0.6,0.8,1.0,1.8,1.8,17. Runde,19,19.8,27.4,-1.0,-9.0,9,10,10
196,FC Stade-Lausanne-Ouchy,4693-172-176,3,5.0,0.0,17,33,2.4,2.2,2.4,2.1,0.8,1.2,17. Runde,19,78.6,74.80000000000001,5.0,11.0,2,1,1
16,FC Thun,4693-172-176,3,3.0,1.0,17,21,1.4,1.2,1.8,1.6,1.8,1.9,17. Runde,19,47.599999999999994,43.8,2.0,-2.0,7,5,6
232,FC Vaduz,4693-172-176,3,1.0,0.0,17,16,1.0,1.3,0.6,1.5,1.2,1.2,17. Runde,19,35.0,40.7,1.0,-4.0,8,9,8
124,FC Wil 1900,4693-172-176,1,1.0,1.0,17,33,2.2,2.0,2.8,2.5,1.2,1.6,17. Runde,19,74.80000000000001,71.0,0.0,14.0,1,2,2
88,Neuchâtel Xamax FCS,4693-172-176,1,1.0,1.0,17,12,1.4,1.2,1.8,1.7,1.6,1.4,17. Runde,19,38.599999999999994,34.8,0.0,-7.0,10,7,9
304,Yverdon Sport FC,4693-172-176,0,0.0,5.0,17,29,1.8,1.6,2.2,2.1,2.0,2.0,17. Runde,19,63.2,59.400000000000006,-5.0,3.0,3,3,3
53,Bellinzona,4693-172-177,0,0.0,1.0,18,23,0.8,1.0,1.0,1.3,1.4,1.7,18. Runde,18,37.4,41.0,-1.0,-10.0,6,7,7
341,FC Aarau,4693-172-177,1,2.0,2.0,18,25,1.4,1.0,1.6,1.5,2.4,2.4,18. Runde,18,50.2,43.0,0.0,-2.0,5,5,6
161,FC Lausanne-Sport,4693-172-177,1,2.0,2.0,18,28,0.6,1.2,0.6,1.2,1.6,1.3,18. Runde,18,38.8,49.599999999999994,0.0,5.0,4,6,4
269,FC Schaffhausen,4693-172-177,3,1.0,0.0,18,19,0.8,0.9,1.0,1.1,1.4,1.6,18. Runde,18,33.4,35.2,1.0,-8.0,8,10,9
197,FC Stade-Lausanne-Ouchy,4693-172-177,1,0.0,0.0,18,34,2.0,2.2,2.0,1.9,0.8,1.0,18. Runde,18,70.0,73.6,0.0,11.0,2,2,1
17,FC Thun,4693-172-177,1,1.0,1.0,18,22,1.6,1.2,1.8,1.5,1.6,1.8,18. Runde,18,50.8,43.599999999999994,0.0,-2.0,7,4,5
233,FC Vaduz,4693-172-177,1,1.0,1.0,18,17,1.0,1.3,0.8,1.5,1.4,1.2,18. Runde,18,35.0,40.400000000000006,0.0,-4.0,9,8,8
125,FC Wil 1900,4693-172-177,1,0.0,0.0,18,34,2.2,1.8,2.8,2.0,1.2,1.5,18. Runde,18,73.6,66.4,0.0,14.0,1,1,2
89,Neuchâtel Xamax FCS,4693-172-177,0,1.0,3.0,18,12,1.2,1.1,1.4,1.7,1.6,1.6,18. Runde,18,33.599999999999994,31.8,-2.0,-9.0,10,9,10
305,Yverdon Sport FC,4693-172-177,3,3.0,1.0,18,32,1.8,1.9,2.4,2.2,2.0,1.8,18. Runde,18,64.4,66.19999999999999,2.0,5.0,3,3,3
54,Bellinzona,4693-172-178,0,0.0,2.0,19,23,0.2,1.0,0.6,1.2,1.8,1.6,19. Runde,17,26.4,40.0,-2.0,-12.0,6,10,7
342,FC Aarau,4693-172-178,3,1.0,0.0,19,28,2.0,1.2,1.6,1.4,2.0,2.2,19. Runde,17,62.0,48.4,1.0,-1.0,5,3,5
162,FC Lausanne-Sport,4693-172-178,3,4.0,2.0,19,31,1.2,1.2,1.4,1.2,1.2,1.5,19. Runde,17,51.4,51.4,2.0,7.0,4,5,4
270,FC Schaffhausen,4693-172-178,1,1.0,1.0,19,20,1.0,0.7,0.6,0.9,0.8,1.6,19. Runde,17,37.0,31.9,0.0,-8.0,8,8,10
198,FC Stade-Lausanne-Ouchy,4693-172-178,0,2.0,4.0,19,34,1.4,1.9,2.0,1.9,1.4,1.4,19. Runde,17,57.8,66.3,-2.0,9.0,3,4,3
18,FC Thun,4693-172-178,0,0.0,1.0,19,22,1.4,0.9,1.4,1.3,1.4,1.8,19. Runde,17,45.8,37.3,-1.0,-3.0,7,6,8
234,FC Vaduz,4693-172-178,1,2.0,2.0,19,18,1.2,1.4,1.2,1.7,1.4,1.2,19. Runde,17,38.4,41.8,0.0,-4.0,9,7,6
126,FC Wil 1900,4693-172-178,1,2.0,2.0,19,35,1.8,1.9,2.4,2.2,1.0,1.3,19. Runde,17,65.6,67.3,0.0,14.0,1,1,2
90,Neuchâtel Xamax FCS,4693-172-178,1,1.0,1.0,19,13,1.2,1.2,1.2,1.7,1.4,1.5,19. Runde,17,33.4,33.4,0.0,-9.0,10,9,9
306,Yverdon Sport FC,4693-172-178,3,2.0,0.0,19,35,1.8,2.1,2.0,2.2,2.0,1.6,19. Runde,17,65.6,70.7,2.0,7.0,2,2,1
55,Bellinzona,4693-172-179,0,0.0,3.0,20,23,0.2,1.0,0.4,1.2,2.0,1.5,20. Runde,16,26.2,39.0,-3.0,-15.0,8,10,7
343,FC Aarau,4693-172-179,0,1.0,4.0,20,28,1.4,1.1,1.2,1.3,2.4,2.4,20. Runde,16,50.4,45.6,-3.0,-4.0,5,5,5
163,FC Lausanne-Sport,4693-172-179,3,4.0,1.0,20,34,1.6,1.5,2.2,1.5,1.4,1.4,20. Runde,16,59.6,58.0,3.0,10.0,3,3,4
271,FC Schaffhausen,4693-172-179,3,1.0,0.0,20,23,1.4,0.9,0.8,0.8,0.8,1.4,20. Runde,16,45.4,37.4,1.0,-7.0,7,7,9
199,FC Stade-Lausanne-Ouchy,4693-172-179,0,0.0,1.0,20,34,0.8,1.6,1.6,1.7,1.4,1.4,20. Runde,16,46.8,59.6,-1.0,8.0,4,6,3
19,FC Thun,4693-172-179,3,1.0,0.0,20,25,2.0,1.1,1.4,1.2,0.8,1.6,20. Runde,16,57.0,42.6,1.0,-2.0,6,4,6
235,FC Vaduz,4693-172-179,0,0.0,1.0,20,18,1.0,1.3,1.0,1.5,1.4,1.1,20. Runde,16,34.0,38.8,-1.0,-5.0,9,8,8
127,FC Wil 1900,4693-172-179,3,3.0,0.0,20,38,1.8,1.9,2.4,2.1,0.8,1.3,20. Runde,16,66.8,68.4,3.0,17.0,1,2,2
91,Neuchâtel Xamax FCS,4693-172-179,0,0.0,1.0,20,13,1.0,0.9,1.0,1.3,1.4,1.6,20. Runde,16,29.0,27.4,-1.0,-10.0,10,9,10
307,Yverdon Sport FC,4693-172-179,3,1.0,0.0,20,38,2.4,2.4,1.8,2.3,1.4,1.2,20. Runde,16,76.4,76.4,1.0,8.0,2,1,1
56,Bellinzona,4693-172-180,0,0.0,2.0,21,23,0.0,0.7,0.2,0.7,2.2,1.6,21. Runde,15,23.0,33.5,-2.0,-17.0,8,9,8
344,FC Aarau,4693-172-180,0,1.0,2.0,21,28,1.4,1.1,1.2,1.4,1.6,2.2,21. Runde,15,49.0,44.5,-1.0,-5.0,6,6,6
164,FC Lausanne-Sport,4693-172-180,3,3.0,2.0,21,37,2.0,1.5,2.6,1.6,1.6,1.5,21. Runde,15,67.0,59.5,1.0,11.0,3,3,3
272,FC Schaffhausen,4693-172-180,3,2.0,0.0,21,26,2.0,1.2,1.0,1.0,0.4,1.1,21. Runde,15,56.0,44.0,2.0,-5.0,7,5,7
200,FC Stade-Lausanne-Ouchy,4693-172-180,0,3.0,4.0,21,34,0.8,1.3,2.0,1.8,1.8,1.8,21. Runde,15,46.0,53.5,-1.0,7.0,4,7,4
20,FC Thun,4693-172-180,3,3.0,0.0,21,28,2.0,1.4,1.6,1.5,0.6,1.4,21. Runde,15,58.0,49.0,3.0,1.0,5,4,5
236,FC Vaduz,4693-172-180,0,0.0,3.0,21,18,1.0,1.0,0.8,1.1,1.4,1.4,21. Runde,15,33.0,33.0,-3.0,-8.0,9,8,9
128,FC Wil 1900,4693-172-180,3,4.0,3.0,21,41,1.8,2.2,2.0,2.4,1.2,1.1,21. Runde,15,68.0,74.0,1.0,18.0,1,2,2
92,Neuchâtel Xamax FCS,4693-172-180,0,2.0,3.0,21,13,0.4,0.9,1.0,1.4,1.8,1.7,21. Runde,15,19.0,26.5,-1.0,-11.0,10,10,10
308,Yverdon Sport FC,4693-172-180,3,2.0,1.0,21,41,2.4,2.4,1.6,2.2,1.4,1.3,21. Runde,15,77.0,77.0,1.0,9.0,2,1,1
57,Bellinzona,4693-172-181,1,1.0,1.0,22,24,0.2,0.5,0.2,0.7,1.8,1.7,22. Runde,14,26.8,31.0,0.0,-17.0,8,9,8
345,FC Aarau,4693-172-181,1,2.0,2.0,22,29,1.0,1.2,1.4,1.6,2.0,2.3,22. Runde,14,43.0,45.8,0.0,-5.0,6,6,6
165,FC Lausanne-Sport,4693-172-181,1,1.0,1.0,22,38,2.2,1.6,2.8,1.7,1.6,1.5,22. Runde,14,68.80000000000001,60.400000000000006,0.0,11.0,3,3,3
273,FC Schaffhausen,4693-172-181,1,2.0,2.0,22,27,2.2,1.2,1.4,1.1,0.6,1.2,22. Runde,14,57.800000000000004,43.8,0.0,-5.0,7,4,7
201,FC Stade-Lausanne-Ouchy,4693-172-181,1,1.0,1.0,22,35,0.4,1.4,1.2,1.8,2.0,1.4,22. Runde,14,40.6,54.599999999999994,0.0,7.0,4,7,4
21,FC Thun,4693-172-181,1,1.0,1.0,22,29,1.6,1.5,1.2,1.5,0.6,1.2,22. Runde,14,51.400000000000006,50.0,0.0,1.0,5,5,5
237,FC Vaduz,4693-172-181,1,2.0,2.0,22,19,0.6,0.8,1.0,0.8,1.8,1.5,22. Runde,14,27.4,30.200000000000003,0.0,-8.0,9,8,9
129,FC Wil 1900,4693-172-181,3,3.0,2.0,22,44,2.2,2.2,2.4,2.6,1.4,1.3,22. Runde,14,74.80000000000001,74.80000000000001,1.0,19.0,1,2,1
93,Neuchâtel Xamax FCS,4693-172-181,0,2.0,3.0,22,13,0.2,0.8,1.2,1.5,2.2,1.9,22. Runde,14,15.8,24.200000000000003,-1.0,-12.0,10,10,10
309,Yverdon Sport FC,4693-172-181,1,2.0,2.0,22,42,2.6,2.2,2.0,2.1,0.8,1.4,22. Runde,14,78.4,72.80000000000001,0.0,9.0,2,1,2
58,Bellinzona,4693-172-182,0,0.0,2.0,23,24,0.2,0.5,0.2,0.6,2.0,1.7,23. Runde,13,26.6,30.5,-2.0,-19.0,8,8,8
346,FC Aarau,4693-172-182,3,2.0,0.0,23,32,1.4,1.4,1.4,1.5,1.6,2.0,23. Runde,13,50.2,50.2,2.0,-3.0,6,6,5
166,FC Lausanne-Sport,4693-172-182,3,2.0,1.0,23,41,2.6,1.6,2.8,1.7,1.4,1.5,23. Runde,13,74.80000000000001,61.8,1.0,12.0,3,1,3
274,FC Schaffhausen,4693-172-182,3,4.0,0.0,23,30,2.2,1.5,2.0,1.5,0.6,1.0,23. Runde,13,58.6,49.5,4.0,-1.0,7,4,6
202,FC Stade-Lausanne-Ouchy,4693-172-182,0,0.0,4.0,23,35,0.2,1.1,1.2,1.6,2.8,1.8,23. Runde,13,37.6,49.3,-4.0,3.0,4,7,7
22,FC Thun,4693-172-182,3,3.0,1.0,23,32,2.0,1.8,1.6,1.7,0.6,1.1,23. Runde,13,58.0,55.400000000000006,2.0,3.0,5,5,4
238,FC Vaduz,4693-172-182,0,1.0,2.0,23,19,0.4,0.7,1.0,0.9,2.0,1.7,23. Runde,13,24.2,28.1,-1.0,-9.0,9,10,10
130,FC Wil 1900,4693-172-182,0,1.0,2.0,23,44,2.0,2.1,2.6,2.7,1.8,1.5,23. Runde,13,70.0,71.3,-1.0,18.0,1,2,1
94,Neuchâtel Xamax FCS,4693-172-182,3,2.0,1.0,23,16,0.8,1.0,1.4,1.4,1.8,1.7,23. Runde,13,26.4,29.0,1.0,-11.0,10,9,9
310,Yverdon Sport FC,4693-172-182,0,1.0,3.0,23,42,2.0,1.9,1.6,2.0,1.2,1.6,23. Runde,13,68.0,66.7,-2.0,7.0,2,3,2
59,Bellinzona,4693-172-183,0,0.0,1.0,24,24,0.2,0.2,0.2,0.4,1.8,1.8,24. Runde,12,26.4,26.4,-1.0,-20.0,8,9,10
347,FC Aarau,4693-172-183,1,0.0,0.0,24,33,1.0,1.5,1.2,1.4,1.6,1.8,24. Runde,12,45.0,51.0,0.0,-3.0,6,7,6
167,FC Lausanne-Sport,4693-172-183,1,0.0,0.0,24,42,2.2,1.7,2.0,1.7,1.0,1.1,24. Runde,12,68.4,62.4,0.0,12.0,3,2,3
275,FC Schaffhausen,4693-172-183,0,0.0,5.0,24,30,2.0,1.5,1.8,1.2,1.4,1.1,24. Runde,12,54.0,48.0,-5.0,-6.0,7,5,7
203,FC Stade-Lausanne-Ouchy,4693-172-183,3,1.0,0.0,24,38,0.8,1.1,1.0,1.5,2.0,1.7,24. Runde,12,47.6,51.2,1.0,4.0,4,6,5
23,FC Thun,4693-172-183,3,5.0,0.0,24,35,2.6,2.0,2.6,2.0,0.4,0.9,24. Runde,12,66.2,59.0,5.0,8.0,5,3,4
239,FC Vaduz,4693-172-183,1,0.0,0.0,24,20,0.4,0.8,0.6,0.9,1.6,1.5,24. Runde,12,24.8,29.6,0.0,-9.0,9,10,8
131,FC Wil 1900,4693-172-183,1,1.0,1.0,24,45,2.0,1.9,2.4,2.4,1.6,1.3,24. Runde,12,69.0,67.8,0.0,18.0,1,1,1
95,Neuchâtel Xamax FCS,4693-172-183,1,0.0,0.0,24,17,0.8,1.0,1.2,1.2,1.6,1.5,24. Runde,12,26.6,29.0,0.0,-11.0,10,8,9
311,Yverdon Sport FC,4693-172-183,1,1.0,1.0,24,43,1.6,1.7,1.4,1.7,1.4,1.7,24. Runde,12,62.2,63.4,0.0,7.0,2,4,2
60,Bellinzona,4693-172-184,0,1.0,2.0,25,24,0.2,0.2,0.4,0.4,1.6,1.8,25. Runde,11,26.2,26.2,-1.0,-21.0,8,9,10
348,FC Aarau,4693-172-184,0,2.0,3.0,25,33,1.0,1.2,1.4,1.3,1.4,1.9,25. Runde,11,44.0,46.2,-1.0,-4.0,6,7,6
168,FC Lausanne-Sport,4693-172-184,3,2.0,1.0,25,45,2.2,1.9,1.6,1.9,1.0,1.2,25. Runde,11,69.2,65.9,1.0,13.0,3,1,2
276,FC Schaffhausen,4693-172-184,0,1.0,2.0,25,30,1.4,1.4,1.8,1.3,1.8,1.3,25. Runde,11,45.4,45.4,-1.0,-7.0,7,6,7
204,FC Stade-Lausanne-Ouchy,4693-172-184,3,3.0,2.0,25,41,1.4,1.1,1.6,1.6,2.2,1.8,25. Runde,11,56.4,53.1,1.0,5.0,4,5,5
24,FC Thun,4693-172-184,1,1.0,1.0,25,36,2.2,2.1,2.6,2.0,0.6,0.7,25. Runde,11,60.2,59.1,0.0,8.0,5,4,4
240,FC Vaduz,4693-172-184,3,2.0,1.0,25,23,1.0,1.0,1.0,1.0,1.6,1.5,25. Runde,11,34.0,34.0,1.0,-8.0,9,8,8
132,FC Wil 1900,4693-172-184,1,1.0,1.0,25,46,1.6,1.7,2.0,2.2,1.8,1.3,25. Runde,11,63.6,64.7,0.0,18.0,1,2,3
96,Neuchâtel Xamax FCS,4693-172-184,0,1.0,2.0,25,17,0.8,0.9,1.4,1.2,1.8,1.6,25. Runde,11,25.8,26.9,-1.0,-12.0,10,10,9
312,Yverdon Sport FC,4693-172-184,3,2.0,1.0,25,46,1.6,2.0,1.6,1.7,1.6,1.5,25. Runde,11,63.6,68.0,1.0,8.0,2,3,1
61,Bellinzona,4693-172-185,1,1.0,1.0,26,25,0.4,0.2,0.6,0.4,1.4,1.8,26. Runde,10,29.0,27.0,0.0,-21.0,8,9,9
349,FC Aarau,4693-172-185,3,3.0,0.0,26,36,1.6,1.5,1.8,1.5,1.0,1.3,26. Runde,10,52.0,51.0,3.0,-1.0,6,6,6
169,FC Lausanne-Sport,4693-172-185,0,1.0,3.0,26,45,1.6,1.8,1.2,1.9,1.2,1.4,26. Runde,10,61.0,63.0,-2.0,11.0,3,2,2
277,FC Schaffhausen,4693-172-185,0,0.0,2.0,26,30,0.8,1.4,1.4,1.2,2.2,1.3,26. Runde,10,38.0,44.0,-2.0,-9.0,7,7,7
205,FC Stade-Lausanne-Ouchy,4693-172-185,1,0.0,0.0,26,42,1.6,1.2,1.0,1.5,1.4,1.6,26. Runde,10,58.0,54.0,0.0,5.0,4,4,5
25,FC Thun,4693-172-185,3,3.0,1.0,26,39,2.2,2.1,2.6,2.1,0.8,0.7,26. Runde,10,61.0,60.0,2.0,10.0,5,3,4
241,FC Vaduz,4693-172-185,1,0.0,0.0,26,24,1.2,1.1,1.0,0.9,1.0,1.2,26. Runde,10,36.0,35.0,0.0,-8.0,9,8,8
133,FC Wil 1900,4693-172-185,0,0.0,3.0,26,46,1.0,1.4,1.2,1.6,1.8,1.5,26. Runde,10,56.0,60.0,-3.0,15.0,2,5,3
97,Neuchâtel Xamax FCS,4693-172-185,1,1.0,1.0,26,18,1.0,0.7,1.2,1.1,1.4,1.6,26. Runde,10,28.0,25.0,0.0,-12.0,10,10,10
313,Yverdon Sport FC,4693-172-185,3,2.0,0.0,26,49,1.6,2.0,1.6,1.6,1.4,1.4,26. Runde,10,65.0,69.0,2.0,10.0,1,1,1
62,Bellinzona,4693-172-186,0,0.0,2.0,27,25,0.2,0.2,0.4,0.3,1.6,1.7,27. Runde,9,26.8,26.8,-2.0,-23.0,9,10,9
350,FC Aarau,4693-172-186,0,0.0,2.0,27,36,1.4,1.2,1.4,1.4,1.0,1.5,27. Runde,9,48.6,46.8,-2.0,-3.0,6,6,7
170,FC Lausanne-Sport,4693-172-186,3,2.0,0.0,27,48,2.0,2.1,1.4,2.1,1.0,1.3,27. Runde,9,66.0,66.9,2.0,13.0,2,1,2
278,FC Schaffhausen,4693-172-186,3,4.0,1.0,27,33,1.2,1.7,1.8,1.6,2.0,1.3,27. Runde,9,43.8,48.3,3.0,-6.0,7,7,6
206,FC Stade-Lausanne-Ouchy,4693-172-186,1,1.0,1.0,27,43,1.6,1.0,1.0,1.1,1.4,1.7,27. Runde,9,57.4,52.0,0.0,5.0,4,4,5
26,FC Thun,4693-172-186,3,2.0,0.0,27,42,2.6,2.1,2.8,2.0,0.6,0.6,27. Runde,9,65.4,60.900000000000006,2.0,12.0,5,2,3
242,FC Vaduz,4693-172-186,3,2.0,0.0,27,27,1.6,1.1,1.0,1.0,0.6,1.2,27. Runde,9,41.4,36.9,2.0,-6.0,8,8,8
134,FC Wil 1900,4693-172-186,0,1.0,4.0,27,46,0.4,1.3,0.8,1.6,2.2,1.8,27. Runde,9,49.6,57.7,-3.0,12.0,3,5,4
98,Neuchâtel Xamax FCS,4693-172-186,1,1.0,1.0,27,19,1.2,0.7,1.0,1.1,1.0,1.6,27. Runde,9,29.799999999999997,25.3,0.0,-12.0,10,9,10
314,Yverdon Sport FC,4693-172-186,0,0.0,2.0,27,49,1.4,2.0,1.2,1.6,1.4,1.1,27. Runde,9,61.6,67.0,-2.0,8.0,1,3,1
63,Bellinzona,4693-172-187,3,1.0,0.0,28,28,0.8,0.5,0.6,0.4,1.2,1.6,28. Runde,8,34.4,32.0,1.0,-22.0,8,9,9
351,FC Aarau,4693-172-187,3,4.0,3.0,28,39,1.4,1.4,1.8,1.6,1.6,1.6,28. Runde,8,50.2,50.2,1.0,-2.0,6,5,6
171,FC Lausanne-Sport,4693-172-187,0,0.0,1.0,28,48,1.4,2.0,1.0,1.9,1.0,1.2,28. Runde,8,59.2,64.0,-1.0,12.0,2,3,2
279,FC Schaffhausen,4693-172-187,3,4.0,1.0,28,36,1.2,1.7,1.8,1.9,2.2,1.4,28. Runde,8,45.6,49.6,3.0,-3.0,7,7,7
207,FC Stade-Lausanne-Ouchy,4693-172-187,0,3.0,4.0,28,43,1.6,0.9,1.6,1.4,1.4,2.1,28. Runde,8,55.8,50.2,-1.0,4.0,5,4,5
27,FC Thun,4693-172-187,3,2.0,1.0,28,45,2.6,2.3,2.6,2.1,0.6,0.6,28. Runde,8,65.8,63.4,1.0,13.0,4,2,3
243,FC Vaduz,4693-172-187,0,1.0,4.0,28,27,1.6,1.0,1.0,1.0,1.0,1.5,28. Runde,8,39.8,35.0,-3.0,-9.0,9,8,8
135,FC Wil 1900,4693-172-187,0,1.0,2.0,28,46,0.4,1.2,0.8,1.7,2.2,2.0,28. Runde,8,49.2,55.6,-1.0,11.0,3,6,4
99,Neuchâtel Xamax FCS,4693-172-187,0,0.0,2.0,28,19,0.6,0.7,0.6,1.0,1.2,1.5,28. Runde,8,23.8,24.6,-2.0,-14.0,10,10,10
315,Yverdon Sport FC,4693-172-187,3,2.0,0.0,28,52,2.0,2.0,1.4,1.5,0.8,1.0,28. Runde,8,68.0,68.0,2.0,10.0,1,1,1
64,Bellinzona,4693-172-188,0,1.0,6.0,29,28,0.8,0.5,0.8,0.5,2.2,2.0,29. Runde,7,33.6,31.5,-5.0,-27.0,9,9,9
352,FC Aarau,4693-172-188,3,3.0,2.0,29,42,1.8,1.4,2.4,1.8,2.0,1.8,29. Runde,7,54.6,51.8,1.0,-1.0,6,5,5
172,FC Lausanne-Sport,4693-172-188,3,2.0,1.0,29,51,1.8,2.0,1.4,1.7,1.2,1.1,29. Runde,7,63.6,65.0,1.0,13.0,2,2,2
280,FC Schaffhausen,4693-172-188,0,3.0,4.0,29,36,1.2,1.6,2.4,2.1,2.0,1.7,29. Runde,7,44.4,47.2,-1.0,-4.0,7,7,7
208,FC Stade-Lausanne-Ouchy,4693-172-188,0,1.0,2.0,29,43,1.0,0.9,1.6,1.3,1.8,1.9,29. Runde,7,50.0,49.3,-1.0,3.0,5,6,6
28,FC Thun,4693-172-188,0,2.0,3.0,29,45,2.0,2.3,2.0,2.3,1.2,0.8,29. Runde,7,59.0,61.099999999999994,-1.0,12.0,4,3,3
244,FC Vaduz,4693-172-188,3,6.0,1.0,29,30,2.0,1.2,2.2,1.4,1.2,1.4,29. Runde,7,44.0,38.4,5.0,-4.0,8,8,8
136,FC Wil 1900,4693-172-188,3,1.0,0.0,29,49,0.8,1.4,0.8,1.6,2.0,1.8,29. Runde,7,54.6,58.8,1.0,12.0,3,4,4
100,Neuchâtel Xamax FCS,4693-172-188,0,0.0,1.0,29,19,0.4,0.6,0.6,0.9,1.4,1.5,29. Runde,7,21.8,23.2,-1.0,-15.0,10,10,10
316,Yverdon Sport FC,4693-172-188,3,4.0,3.0,29,55,2.4,2.0,2.0,1.7,1.2,1.3,29. Runde,7,71.8,69.0,1.0,11.0,1,1,1
65,Bellinzona,4693-172-189,3,2.0,1.0,30,31,1.4,0.8,1.0,0.7,2.0,1.8,30. Runde,6,39.4,35.8,1.0,-26.0,9,9,9
353,FC Aarau,4693-172-189,3,5.0,2.0,30,45,2.4,1.7,3.0,2.2,1.8,1.6,30. Runde,6,59.4,55.2,3.0,2.0,5,3,5
173,FC Lausanne-Sport,4693-172-189,1,1.0,1.0,30,52,1.4,1.8,1.2,1.4,1.2,1.1,30. Runde,6,60.4,62.8,0.0,13.0,3,2,2
281,FC Schaffhausen,4693-172-189,0,1.0,3.0,30,36,1.2,1.3,2.4,2.1,2.2,2.0,30. Runde,6,43.2,43.8,-2.0,-6.0,7,7,7
209,FC Stade-Lausanne-Ouchy,4693-172-189,1,2.0,2.0,30,44,0.6,1.0,1.4,1.5,1.8,2.0,30. Runde,6,47.6,50.0,0.0,3.0,6,6,6
29,FC Thun,4693-172-189,1,2.0,2.0,30,46,2.0,2.1,2.2,2.4,1.4,1.0,30. Runde,6,58.0,58.6,0.0,12.0,4,5,4
245,FC Vaduz,4693-172-189,1,1.0,1.0,30,31,1.6,1.3,2.0,1.5,1.2,1.4,30. Runde,6,40.6,38.8,0.0,-4.0,8,8,8
137,FC Wil 1900,4693-172-189,3,3.0,1.0,30,52,1.2,1.4,1.2,1.6,2.0,1.9,30. Runde,6,59.2,60.4,2.0,14.0,2,4,3
101,Neuchâtel Xamax FCS,4693-172-189,0,2.0,5.0,30,19,0.4,0.6,0.8,1.1,2.0,1.9,30. Runde,6,21.4,22.6,-3.0,-18.0,10,10,10
317,Yverdon Sport FC,4693-172-189,0,1.0,2.0,30,55,1.8,1.7,1.8,1.7,1.4,1.5,30. Runde,6,65.8,65.2,-1.0,10.0,1,1,1
66,Bellinzona,4693-172-190,0,0.0,1.0,31,31,1.2,0.8,0.8,0.7,2.0,1.7,31. Runde,5,37.0,35.0,-1.0,-27.0,9,9,9
354,FC Aarau,4693-172-190,3,1.0,0.0,31,48,2.4,2.0,2.6,2.2,1.8,1.4,31. Runde,5,60.0,58.0,1.0,3.0,4,3,3
174,FC Lausanne-Sport,4693-172-190,1,1.0,1.0,31,53,1.6,1.6,1.2,1.2,0.8,1.0,31. Runde,5,61.0,61.0,0.0,13.0,2,2,2
282,FC Schaffhausen,4693-172-190,1,1.0,1.0,31,37,1.4,1.1,2.6,2.0,2.0,2.1,31. Runde,5,44.0,42.5,0.0,-6.0,7,7,7
210,FC Stade-Lausanne-Ouchy,4693-172-190,3,2.0,1.0,31,47,1.0,1.3,1.8,1.4,2.0,1.7,31. Runde,5,52.0,53.5,1.0,4.0,6,6,6
30,FC Thun,4693-172-190,1,1.0,1.0,31,47,1.6,1.9,1.8,2.2,1.4,1.1,31. Runde,5,55.0,56.5,0.0,12.0,5,5,5
246,FC Vaduz,4693-172-190,1,0.0,0.0,31,32,1.6,1.4,2.0,1.5,1.2,1.1,31. Runde,5,40.0,39.0,0.0,-4.0,8,8,8
138,FC Wil 1900,4693-172-190,0,1.0,2.0,31,52,1.2,1.1,1.4,1.3,1.8,1.8,31. Runde,5,58.0,57.5,-1.0,13.0,3,4,4
102,Neuchâtel Xamax FCS,4693-172-190,1,1.0,1.0,31,20,0.4,0.7,0.8,1.0,2.0,1.7,31. Runde,5,22.0,23.5,0.0,-18.0,10,10,10
318,Yverdon Sport FC,4693-172-190,1,0.0,0.0,31,56,1.4,1.5,1.4,1.5,1.4,1.4,31. Runde,5,63.0,63.5,0.0,10.0,1,1,1
67,Bellinzona,4693-172-191,0,1.0,2.0,32,31,1.2,0.7,1.0,0.7,2.0,1.8,32. Runde,4,35.8,33.8,-1.0,-28.0,9,9,9
355,FC Aarau,4693-172-191,1,0.0,0.0,32,49,2.6,2.0,2.6,2.0,1.4,1.2,32. Runde,4,59.4,57.0,0.0,3.0,5,2,3
175,FC Lausanne-Sport,4693-172-191,0,0.0,1.0,32,53,1.0,1.5,0.8,1.1,1.0,1.0,32. Runde,4,57.0,59.0,-1.0,12.0,3,4,2
283,FC Schaffhausen,4693-172-191,3,2.0,1.0,32,40,1.4,1.3,2.2,2.0,2.0,2.0,32. Runde,4,45.6,45.2,1.0,-5.0,7,7,7
211,FC Stade-Lausanne-Ouchy,4693-172-191,3,2.0,0.0,32,50,1.4,1.5,2.0,1.5,1.8,1.6,32. Runde,4,55.6,56.0,2.0,6.0,4,5,5
31,FC Thun,4693-172-191,1,3.0,3.0,32,48,1.2,1.9,2.0,2.4,2.0,1.3,32. Runde,4,52.8,55.6,0.0,12.0,6,6,6
247,FC Vaduz,4693-172-191,1,3.0,3.0,32,33,1.2,1.4,2.2,1.6,1.8,1.2,32. Runde,4,37.8,38.6,0.0,-4.0,8,8,8
139,FC Wil 1900,4693-172-191,1,0.0,0.0,32,53,1.4,0.9,1.2,1.0,1.0,1.6,32. Runde,4,58.6,56.6,0.0,13.0,2,3,4
103,Neuchâtel Xamax FCS,4693-172-191,0,0.0,2.0,32,20,0.2,0.7,0.6,0.8,2.2,1.6,32. Runde,4,20.8,22.8,-2.0,-20.0,10,10,10
319,Yverdon Sport FC,4693-172-191,3,1.0,0.0,32,59,2.0,1.7,1.6,1.4,1.0,1.2,32. Runde,4,67.0,65.8,1.0,11.0,1,1,1
68,Bellinzona,4693-172-192,3,3.0,2.0,33,34,1.2,1.0,1.4,1.0,2.4,1.8,33. Runde,3,37.6,37.0,1.0,-27.0,8,8,9
356,FC Aarau,4693-172-192,3,1.0,0.0,33,52,2.6,2.0,2.0,1.9,0.8,1.2,33. Runde,3,59.8,58.0,1.0,4.0,5,3,4
176,FC Lausanne-Sport,4693-172-192,3,2.0,1.0,33,56,1.6,1.5,1.2,1.1,1.0,1.0,33. Runde,3,60.8,60.5,1.0,13.0,2,2,2
284,FC Schaffhausen,4693-172-192,0,2.0,4.0,33,40,0.8,1.0,1.8,1.8,2.6,2.4,33. Runde,3,42.4,43.0,-2.0,-7.0,7,7,7
212,FC Stade-Lausanne-Ouchy,4693-172-192,3,4.0,2.0,33,53,2.0,1.8,2.2,1.9,1.4,1.4,33. Runde,3,59.0,58.4,2.0,8.0,4,4,3
32,FC Thun,4693-172-192,0,0.0,1.0,33,48,0.6,1.6,1.6,2.1,2.0,1.3,33. Runde,3,49.8,52.8,-1.0,11.0,6,6,6
248,FC Vaduz,4693-172-192,0,0.0,1.0,33,33,1.2,1.4,2.0,1.5,1.2,1.1,33. Runde,3,36.6,37.2,-1.0,-5.0,9,9,8
140,FC Wil 1900,4693-172-192,0,2.0,3.0,33,53,1.4,0.9,1.4,1.1,1.2,1.7,33. Runde,3,57.2,55.7,-1.0,12.0,3,5,5
104,Neuchâtel Xamax FCS,4693-172-192,0,1.0,2.0,33,20,0.2,0.4,0.8,0.7,2.2,1.7,33. Runde,3,20.6,21.2,-1.0,-21.0,10,10,10
320,Yverdon Sport FC,4693-172-192,3,1.0,0.0,33,62,2.0,2.0,1.4,1.4,1.0,0.9,33. Runde,3,68.0,68.0,1.0,12.0,1,1,1
69,Bellinzona,4693-172-193,0,0.0,3.0,34,34,1.2,1.0,1.2,1.0,1.8,2.0,34. Runde,2,36.4,36.0,-3.0,-30.0,8,8,8
357,FC Aarau,4693-172-193,3,2.0,0.0,34,55,2.6,2.2,1.8,2.1,0.4,1.2,34. Runde,2,60.2,59.4,2.0,6.0,5,3,4
177,FC Lausanne-Sport,4693-172-193,1,3.0,3.0,34,57,1.2,1.5,1.4,1.4,1.4,1.3,34. Runde,2,59.4,60.0,0.0,13.0,2,4,2
285,FC Schaffhausen,4693-172-193,0,0.0,2.0,34,40,0.8,1.0,1.2,1.8,2.2,2.1,34. Runde,2,41.6,42.0,-2.0,-9.0,7,7,7
213,FC Stade-Lausanne-Ouchy,4693-172-193,3,4.0,1.0,34,56,2.6,1.8,2.8,2.2,1.2,1.5,34. Runde,2,61.2,59.6,3.0,11.0,4,2,3
33,FC Thun,4693-172-193,1,3.0,3.0,34,49,0.8,1.4,1.8,1.9,2.0,1.6,34. Runde,2,50.6,51.8,0.0,11.0,6,6,6
249,FC Vaduz,4693-172-193,0,0.0,2.0,34,33,0.6,1.3,0.8,1.5,1.4,1.3,34. Runde,2,34.2,35.6,-2.0,-7.0,9,9,9
141,FC Wil 1900,4693-172-193,3,2.0,0.0,34,56,1.4,1.1,1.6,1.2,1.2,1.6,34. Runde,2,58.8,58.2,2.0,14.0,3,5,5
105,Neuchâtel Xamax FCS,4693-172-193,3,3.0,0.0,34,23,0.8,0.6,1.4,1.0,2.0,1.7,34. Runde,2,24.6,24.2,3.0,-18.0,10,10,10
321,Yverdon Sport FC,4693-172-193,0,1.0,4.0,34,62,1.4,1.9,0.8,1.4,1.2,1.2,34. Runde,2,64.8,65.8,-3.0,9.0,1,1,1
